booster,eta,max_depth,gamma,min_child_weight,max_delta_step,subsample,colsample_bytree,colsample_bylevel,lambda,best_nrounds,cv_mean,cv_sd
gbtree,0.1,18,2.33052523351,0.548796565599,0.972250215381,0.567657895943,0.526775832384,0.921788729702,3.65317079658,268,1151.8996885,6.36185806054
gbtree,0.1,5,0.413948579522,0.138858173717,2.23002374451,0.789899045323,0.97845702712,0.340314954979,1.27174699267,725,1149.81677225,5.43575560398
gbtree,0.1,16,4.94177885168,1.65528015163,4.27138566387,0.902055401111,0.427052979142,0.51122923556,4.87186548256,1762,1144.98486325,5.32484049244
gbtree,0.1,12,3.46442175994,0.264391419594,3.93803863177,0.832663945979,0.675967464577,0.982328303862,2.18540477488,634,1143.9288025,5.56552961495
gbtree,0.1,14,1.5564959925,1.23889751207,3.47305525848,0.420736640062,0.61061032262,0.945135083253,0.430604183868,109,1168.493347,6.80749210248
gbtree,0.1,3,4.39434730437,1.00415735407,1.61630356342,0.38139764642,0.397016828898,0.486775878664,1.57082186809,3512,1165.9667665,5.04492237356
gbtree,0.1,15,2.02813539426,0.267408634727,3.90461072071,0.484011894386,0.771297840298,0.689887024477,0.03441116233,122,1167.72229,7.60882327584
gbtree,0.1,6,3.28852682277,0.955652318261,1.20010065642,0.529535146585,0.659386133869,0.659672158315,4.40589088385,1427,1147.639435,5.44440153031
gbtree,0.1,19,4.77940162016,0.895793852451,4.80812720926,0.93180102442,0.716689949094,0.812565305741,4.10422138468,1134,1144.0553285,4.75061482653
gbtree,0.1,18,0.296149513846,0.0425754018713,1.47447262182,0.434792960722,0.989937000692,0.324182430571,4.58021400157,106,1188.09744275,7.15660771538
gbtree,0.1,3,1.01674327837,1.38272967148,1.59527947029,0.724117276445,0.966585143613,0.33246734184,2.17779616396,2627,1153.39282225,5.78187848244
gbtree,0.1,15,0.457537365379,1.93789190292,2.29059031461,0.332897614174,0.594358383351,0.787101218962,4.23408494093,99,1177.7767945,8.21362306574
gbtree,0.1,18,1.15804717813,1.43945292151,0.557432951025,0.926113395998,0.760458612218,0.65999701305,3.25242636038,342,1159.850708,7.39603207752
gbtree,0.1,14,1.25272741305,0.712824123373,4.86476141998,0.603358541282,0.318449271667,0.389782266942,3.4718593646,212,1155.3797915,6.08130113329
gbtree,0.1,4,0.454528788725,1.49073916262,2.28063672593,0.539018521888,0.868882694501,0.901708246331,3.91334404655,1067,1152.06927475,5.61276122684
gbtree,0.1,14,2.03251824463,1.52778881367,2.08628955487,0.839601342907,0.604525936041,0.61470519035,2.5973275241,276,1149.462799,5.91441326128
gbtree,0.1,12,4.18924308117,1.01380964179,4.96166328925,0.820558194868,0.371424352789,0.438369280097,1.41421855587,1968,1144.73333725,5.40828271429
gbtree,0.1,10,2.13768411945,0.393339335146,0.793357747547,0.914575427136,0.544023522878,0.692295299652,0.423796897577,442,1147.38391125,6.08892628543
gbtree,0.1,17,0.415295688567,0.769945267721,0.130105990386,0.671324101295,0.41203052721,0.9986378789,0.325929972595,752,1165.3792115,7.97953015358
gbtree,0.1,12,0.433070266858,1.18746318385,3.6684420185,0.937192988091,0.821310427795,0.563979644981,4.79863230365,133,1155.59933475,5.11954838258
gbtree,0.1,19,0.242037657537,1.69300644324,2.580302319,0.33907070286,0.592335888496,0.309908847304,1.48636320634,78,1197.25363175,8.12715287416
gbtree,0.1,8,4.66526906012,0.29539996065,1.34921351767,0.600895549442,0.789793348567,0.646650852546,1.36019374784,990,1150.150055,5.70912669212
gbtree,0.1,19,3.69550517694,0.649030299546,4.37118743757,0.351131811336,0.909943126075,0.510649232153,4.8798724854,474,1152.85467525,6.92437473927
gbtree,0.1,10,0.799768790884,0.145651964561,3.50515478952,0.760226833057,0.543035087005,0.977446684751,3.84857857345,179,1152.36746225,6.3131844221
gbtree,0.1,4,2.88193014231,0.885601459345,2.90594869724,0.459879178631,0.669011847201,0.979907819871,2.44083020548,1676,1152.47378525,6.07253852741
gbtree,0.1,18,4.76621652095,1.27228647592,4.33135233124,0.327723738049,0.96594756853,0.879589914775,2.1976078682,551,1154.4009705,5.77781274529
gbtree,0.1,17,3.02941250553,0.363229832536,3.26527389385,0.934585995642,0.82162093313,0.361357893236,2.98062496104,657,1144.2925415,6.86100319854
gbtree,0.1,10,1.38085231232,0.967430434808,2.16532178195,0.682634359747,0.332256552533,0.371955564466,3.22020231351,299,1150.439148,4.14405884479
gbtree,0.1,19,4.88354841772,0.42343915215,0.219710059725,0.975298383189,0.585622276951,0.835385491629,0.645211666479,3252,1146.033661,6.56718264769
gbtree,0.1,14,1.68131651184,0.71597154761,2.84076972282,0.928922094654,0.505999172645,0.657778608296,1.2351426926,223,1150.1564635,8.07648082784
gbtree,0.1,12,0.238123020436,1.38887253089,1.3876099038,0.864807938764,0.35452488373,0.462314384489,0.998914274647,163,1160.8229065,8.0522248643
gbtree,0.1,17,2.9091720537,0.151067412311,0.0869269005112,0.734237242631,0.769819378464,0.380934029482,4.64623792347,1907,1145.57580575,6.74608680826
gbtree,0.1,13,2.70204157977,1.90845663369,1.02804488852,0.389383006766,0.696293378074,0.77808092888,0.889360362244,226,1157.8513795,6.59717512084
gbtree,0.1,16,0.885234338605,0.872836995386,2.05510193918,0.714680213096,0.853467434053,0.588315009415,1.35996247571,131,1172.23489375,7.04915241137
gbtree,0.1,6,4.26026884265,0.361808268582,0.633731516382,0.944959957397,0.305179745347,0.306914536123,4.16699959568,3050,1151.268219,5.51236353062
gbtree,0.1,17,0.696950266315,0.98630378818,4.39546860319,0.687051881343,0.345043313372,0.629168708405,1.40966025248,108,1171.1275635,6.93010817047
gbtree,0.1,8,0.274883163874,1.28171536041,2.35695399419,0.555099903412,0.644128462884,0.741713124468,2.73577032898,184,1153.651733,5.62922548877
gbtree,0.1,11,2.30118993492,1.76280999583,4.42566038772,0.955959671129,0.548070747149,0.583122338213,1.23487595465,413,1145.30435175,6.08151608673
gbtree,0.1,15,4.78657473649,0.88827383489,3.51935632046,0.692301882443,0.938045802364,0.688072491571,2.71379554743,909,1146.82797225,5.08242420473
gbtree,0.1,6,3.97341662078,0.871085943968,1.52932818462,0.473531678042,0.596776354214,0.999330232069,4.20124104126,1958,1149.1400755,5.69164266089
gbtree,0.1,16,4.50084815243,0.536336424089,3.68613578878,0.629229193264,0.681969998914,0.536620694586,0.91416991115,801,1147.965973,6.27061677683
gbtree,0.1,10,1.65278964567,0.924229099026,3.28174354431,0.434557939989,0.965944940214,0.698337957245,0.942547711238,138,1160.1360475,5.89604423996
gbtree,0.1,17,2.36504888604,1.24013510023,2.32073208529,0.718317566636,0.933788743835,0.849384917104,4.85278866332,204,1150.701416,5.03925538077
gbtree,0.1,5,1.56591077586,1.98705281821,1.13829603712,0.415673533361,0.976002659664,0.444119447901,0.350873994109,568,1154.53005975,5.59274383155
gbtree,0.1,16,4.69473349648,0.0371580244271,0.817237121778,0.693163114359,0.814735429433,0.995015262472,4.83437010097,1632,1146.305359,5.60736760413
gbtree,0.1,14,4.23340233633,1.24494729557,2.00719922639,0.597483913738,0.514475203981,0.5125532489,1.07813330271,898,1148.28948975,6.26992198727
gbtree,0.1,3,0.613525665827,1.79033029059,3.63402098086,0.913410958572,0.770404464204,0.868453302469,4.82260884554,2368,1150.20104975,6.02443924524
gbtree,0.1,6,3.26793264257,1.94251445472,3.35480141054,0.589870959828,0.78563295518,0.755781042013,1.44774376367,1049,1149.35418675,5.96291365544
gbtree,0.1,6,3.27526254953,0.178216600829,4.03468475385,0.827848224823,0.972437755258,0.853342913748,4.09394920272,1432,1145.73211675,5.8287397142
gbtree,0.1,3,0.390404272152,1.38047355051,4.20085480838,0.912489299193,0.401893011041,0.519856217006,3.03122668824,2846,1151.61431875,5.12165877816
gbtree,0.1,10,3.36584057162,1.99829384387,1.48628888228,0.696810266575,0.884577948444,0.539721776973,1.33729377504,700,1148.3474425,5.49814778207
gbtree,0.1,9,3.98666177048,1.02139042969,2.4204608193,0.568580998864,0.706875009583,0.824804188848,3.38373969808,665,1148.130005,6.05304567814
gbtree,0.1,7,3.39396474609,0.213130228147,0.501839558264,0.726779148927,0.448971246972,0.690007925453,0.123086332769,875,1147.35144025,5.62534927454
gbtree,0.1,4,0.0871914695775,0.929116263448,0.750765159343,0.986966559835,0.457373330079,0.435081950811,3.275391359,1365,1148.769165,5.41492000065
gbtree,0.1,19,3.45643061751,1.43694389192,2.05939742008,0.749093263286,0.715489846973,0.84681327232,2.65931424005,453,1146.3664855,5.69218458147
gbtree,0.1,9,2.35715323059,1.81876590103,0.899512791959,0.474997904012,0.377162538427,0.312465983696,0.446666363781,532,1153.33404525,7.26980436234
gbtree,0.1,18,3.61195028308,0.0266984107024,0.520211223553,0.868272809315,0.480227537585,0.941061879167,1.80891400674,1105,1145.175995,5.2565514443
gbtree,0.1,13,2.39465945031,0.656458163593,0.944290098059,0.338195021043,0.622624601131,0.497507333899,2.04536317988,261,1158.04852275,6.39314825627
gbtree,0.1,19,3.97085086808,1.02815616181,4.23990017371,0.861526406639,0.617279945335,0.952713956706,0.639365971222,861,1146.99041725,5.10057179092
gbtree,0.1,6,2.1130731034,0.298301409352,4.02119600303,0.502232621368,0.440613397609,0.459821080437,1.62611378471,916,1150.86932375,6.58654792561
gbtree,0.1,13,0.400114671714,0.489169245974,3.98596469291,0.605001880669,0.771687842069,0.417265494454,3.29719189167,100,1163.4890135,7.1699465524
gbtree,0.1,7,4.66110290962,0.969599898062,2.57249684103,0.642274254012,0.886068020545,0.341098771016,3.81669837501,1705,1148.63772575,5.4809939931
gbtree,0.1,14,2.87388455565,1.09935118729,2.65215577483,0.616174521741,0.863996549853,0.772420882359,2.17060890546,404,1149.41244525,6.13959862989
gbtree,0.1,10,4.60786238619,0.191250447856,3.17271774757,0.58849227437,0.599705850059,0.818573151587,3.44660307014,1304,1148.2001035,5.67226652074
gbtree,0.1,16,3.07434463108,1.01394978951,2.56197639662,0.323501386839,0.93247255511,0.467817127173,2.33947885285,241,1156.40570075,5.95546590158
gbtree,0.1,3,0.783371633411,1.09107494797,3.15521973983,0.884885508811,0.813944114269,0.746862673389,2.57505895049,1796,1151.4613955,5.12654106314
gbtree,0.1,14,3.95560749014,0.964578131785,2.77486119453,0.778231036623,0.922232494908,0.964680280887,2.51138231638,832,1146.48504625,5.2728641934
gbtree,0.1,20,4.14492764399,0.157716838178,2.6901231773,0.771342552367,0.744009015954,0.851378904283,2.20227937331,1021,1145.303406,4.5153121939
gbtree,0.1,15,2.54410747753,0.556956913653,4.06253977107,0.572157595356,0.851262691043,0.457694943677,1.96657013917,183,1153.081146,6.35661246868
gbtree,0.1,6,2.82195340931,1.51592005654,0.664615344566,0.572865761425,0.815752714095,0.572991579002,2.8946140385,817,1148.93457025,6.25872124696
gbtree,0.1,18,0.383807541712,1.68088733894,4.38543162829,0.854531259706,0.857096686529,0.965460452555,2.46698363868,93,1175.93615725,6.92216675823
gbtree,0.1,16,4.26874582383,1.2938588011,1.02115375697,0.972695633707,0.55577666811,0.687017595976,1.03854106103,1774,1145.24697875,6.54885379758
gbtree,0.1,20,2.37897203317,0.945392508105,0.846312790409,0.90178478468,0.567669433617,0.451754233182,1.70577755891,584,1149.36230475,7.01151112218
gbtree,0.1,18,0.786529449088,1.61355823739,1.62622879263,0.773027289132,0.987839960819,0.995295058422,3.01798447204,142,1174.015991,7.79524079595
gbtree,0.1,7,2.4007689529,1.59632290407,2.35358737811,0.744455692342,0.346906117064,0.708250070545,0.680981072048,1037,1148.50485225,4.78028757389
gbtree,0.1,7,4.57920887541,1.61820384848,2.59325687899,0.333165603475,0.771482967871,0.475100710378,1.45490171009,935,1155.342743,5.54824734753
gbtree,0.1,18,3.35635358489,0.754108909421,0.38797210068,0.339231275631,0.656560157607,0.988707363375,1.34590540602,478,1156.0145875,5.4301120442
gbtree,0.1,19,4.4505095272,0.363829835857,4.18648572372,0.62741716008,0.570273677594,0.462243312441,2.61793378255,983,1145.0428465,6.01806029938
gbtree,0.1,10,1.76173482101,1.67140193759,1.31563230595,0.907572750293,0.554583163843,0.610652447412,4.52401772575,419,1145.59661875,6.00974296316
gbtree,0.1,19,0.0597106665212,0.584775225635,2.90673138903,0.441439933558,0.903729926877,0.388510934022,1.82958708334,78,1203.42208875,7.42217622165
gbtree,0.1,4,0.510624450803,1.8534058104,1.78636039614,0.867920173066,0.784976114991,0.899254255989,1.23935906637,1009,1148.717926,4.75013199332
gbtree,0.1,4,2.80998968148,1.04824111902,4.86583640824,0.705325195632,0.965406828716,0.506784700081,4.415603705,1696,1150.37316875,6.28615887567
gbtree,0.1,12,2.50352473154,1.82710136814,0.763073316749,0.49455815904,0.822750236465,0.710272317458,4.61258081305,346,1150.80096425,5.56369537432
gbtree,0.1,17,4.00207146137,1.45329681437,4.61571513103,0.468768482994,0.845004110664,0.794475021493,3.34826454158,420,1148.74771125,6.55030335687
gbtree,0.1,3,1.30779688121,1.22963161107,1.74349166704,0.848152155567,0.693888169863,0.939909416558,1.30751935712,2181,1153.1214295,5.63583201965
gbtree,0.1,15,0.285778583905,0.537618571394,4.45606059202,0.62783927626,0.327629252394,0.492832751924,2.12267100402,103,1172.2717285,8.01091866674
gbtree,0.1,13,1.74642480627,0.377636661971,3.87790973855,0.868568932005,0.739980615795,0.364396561808,4.58527654595,186,1148.506714,6.03053197421
gbtree,0.1,19,2.83004071555,1.96392782175,1.36373466992,0.313200312198,0.97061380071,0.920093359775,3.03420971495,178,1161.23507675,5.77428416667
gbtree,0.1,20,1.73915038203,0.787533198378,0.258459399643,0.553910758517,0.856707912136,0.664010910582,4.0393548695,459,1158.85849,7.41763991799
gbtree,0.1,8,0.77152861868,1.07856692095,0.660352935612,0.835285431925,0.30437815752,0.47530322309,4.36800747604,487,1147.4941405,7.2961473987
gbtree,0.1,15,4.61168632416,0.922119500071,0.498060689563,0.917895299282,0.875353512182,0.739199217623,3.3348967644,2691,1145.797241,5.82107104397
gbtree,0.1,15,1.90145406876,0.532342137108,0.396362987883,0.301931927096,0.385957236993,0.742059599255,3.51311151402,336,1160.321411,7.57130784817
gbtree,0.1,13,0.588131210759,1.02741711131,2.42384495786,0.353223395496,0.921445367135,0.964281004723,2.8892136469,97,1174.92480475,4.54152148128
gbtree,0.1,15,3.3440603526,0.761438420861,1.4171075055,0.993909111986,0.744423953173,0.713741595982,1.52312845616,1108,1145.895172,5.23831968102
gbtree,0.1,4,2.22683192827,1.04336981845,3.33435796917,0.971135047305,0.357610962642,0.883870712771,4.16043699041,3814,1148.65176425,6.25353909717
gbtree,0.1,16,1.40413357608,0.500433742434,4.13320670123,0.726634336869,0.380714142258,0.737861463749,0.821289218196,141,1161.29928575,7.71978710745
gbtree,0.1,10,3.31696047093,1.17804874353,4.60590972137,0.62984662626,0.459334732794,0.547316695369,1.84234096139,952,1146.5536195,6.58971639932
gbtree,0.1,7,1.76759589949,1.11813409364,1.9916961807,0.745420479753,0.358043664013,0.525207535096,2.03671603205,481,1147.82702625,5.33978793026
gbtree,0.1,14,4.1248997836,1.86368258756,3.44728061145,0.572953131512,0.908913190605,0.523337893479,4.91984373878,1532,1146.5651245,6.55865862857
gbtree,0.1,14,4.93552724353,0.574590408526,3.68939813165,0.412414646363,0.855624552508,0.962101612314,4.92484810593,814,1150.8953245,5.81339097676
gbtree,0.1,10,2.41016951569,0.599220546082,1.69824254144,0.475668137714,0.664935919929,0.719448580637,2.91417975512,241,1151.03955075,6.00375077925
gbtree,0.1,13,2.90012205887,1.16342909092,4.08729518809,0.443811877884,0.315857709908,0.99780162477,3.75535965313,510,1150.8931275,6.10647649703
gbtree,0.1,11,4.25530184438,1.76551520648,3.36798530727,0.880344655973,0.943701348393,0.4646497091,1.31881507486,1185,1145.818268,5.33351429499
gbtree,0.1,19,0.137972181499,0.488387791972,0.265466894462,0.732751355817,0.77313998817,0.798647511538,1.96713284944,369,1181.808075,5.69151398321
gbtree,0.1,11,1.64771225007,1.53311643639,0.497017231756,0.678863301933,0.818000104961,0.328794012258,0.918947387187,321,1152.1891785,6.53020547731
gbtree,0.1,11,2.18123058523,0.721141387363,1.32401231887,0.857562363162,0.880463244988,0.921810159151,0.839672116755,283,1151.06439225,5.57674433744
gbtree,0.1,17,3.27789936933,1.42494865942,4.49046081825,0.824000159289,0.936152560956,0.779826850767,1.33519757441,396,1147.8779295,5.17395689093
gbtree,0.1,15,3.25190664123,1.42197763008,2.64567969399,0.831189869843,0.627809385674,0.343367040297,3.60860116344,665,1144.6138915,6.03852734943
gbtree,0.1,12,0.302185424528,1.73964236832,4.19167075247,0.766689348508,0.827696729787,0.778859418166,0.125695273816,99,1169.95690925,6.20042845141
gbtree,0.1,20,3.91148828288,0.204888841538,2.79517427541,0.886773594386,0.317831547203,0.388910056314,4.18861656454,1253,1144.0634155,5.91450369795
gbtree,0.1,19,2.55609071375,1.24895821453,3.51673734933,0.492857276187,0.959557881916,0.510717899543,3.03465341506,135,1154.7651365,6.3802956477
gbtree,0.1,12,1.48511797535,1.97746805677,1.09132044346,0.376942491443,0.456748558044,0.346895007294,1.77785365556,190,1161.23205575,6.2144700623
gbtree,0.1,19,4.44586363445,1.35791308295,4.0372655026,0.458657366217,0.543174364429,0.543093946185,1.70922854023,685,1151.19323725,6.15988640442
gbtree,0.1,15,3.90790252964,1.83200887614,0.953700711616,0.865090450313,0.528395202633,0.793691313455,4.30610529751,1143,1143.93295275,5.67264459146
gbtree,0.1,6,1.92359989877,1.07709992425,4.05477994298,0.771277006631,0.328998346876,0.786438505012,0.35931939295,851,1148.0889285,4.82970327029
gbtree,0.1,19,1.54142806954,0.431123389409,1.76612324651,0.907284238406,0.525010761239,0.636555984639,2.42870231361,232,1155.47213775,7.04144144561
gbtree,0.1,15,1.56455254035,1.61766308576,2.07543098539,0.489022971797,0.639695276656,0.769234038834,4.36552685523,135,1158.783081,5.70999485953
gbtree,0.1,9,1.59471342956,1.38678544657,4.23049123683,0.705240094808,0.819822163869,0.393108155456,2.51722725372,226,1149.50106825,6.32421967171
gbtree,0.1,20,1.3319655694,0.851388061751,3.33610046992,0.984603702253,0.988351954036,0.552529026247,1.2105811391,244,1163.5730895,5.53683903761
gbtree,0.1,16,1.65314805396,0.510608201532,3.73424340963,0.563558589009,0.894964490485,0.478601660535,3.81967589324,135,1158.41995225,6.02827714808
gbtree,0.1,9,4.74624788442,0.997685410954,2.268733052,0.678472603619,0.893332680471,0.548978839149,0.594910568737,1139,1148.70968625,5.50620495878
gbtree,0.1,19,4.97678831867,0.417743396159,2.2856972667,0.821358142255,0.906543779645,0.840231573338,3.87919582136,2267,1145.9060365,5.96932362377
gbtree,0.1,7,0.199139885334,1.98769070579,1.06956566248,0.347358201016,0.518983595473,0.463466410795,0.334448550712,258,1159.873413,6.5292108773
gbtree,0.1,3,2.24207517546,0.91082581534,1.75422960441,0.881837442416,0.642104298227,0.606401119712,3.94114740494,3309,1152.9388735,5.63613176543
gbtree,0.1,9,1.53370341571,1.83959441601,0.894531030897,0.491661200961,0.683328643445,0.930251742408,1.75671946862,288,1156.1395265,5.71872216155
gbtree,0.1,9,4.17416468011,1.93865475175,4.35842461681,0.813016474885,0.468901949352,0.691398244564,2.49353151964,1144,1145.71048,5.58330349586
gbtree,0.1,11,4.54458283602,0.672475100214,1.08718638179,0.895926637164,0.741506288951,0.526753286188,3.57623708851,2442,1144.52578725,5.83888389086
gbtree,0.1,14,3.76460971727,0.843935589005,1.64434932533,0.646703741962,0.692173941488,0.352544630754,0.569146924893,824,1149.20477275,5.85592751836
gbtree,0.1,7,0.903716801102,0.291688903083,4.6375840153,0.697803732266,0.78233146551,0.436968954402,3.41228187835,292,1149.80435175,5.33302221432
gbtree,0.1,3,2.29188801722,1.65142705606,3.08732048185,0.64059766344,0.465133046895,0.589569646439,4.72193079048,3125,1153.84381125,5.02290071655
gbtree,0.1,16,2.6998386546,1.46067788159,0.363645928258,0.77047552999,0.724188671587,0.774316257401,2.10802920678,635,1149.31390375,6.44114786149
gbtree,0.1,10,4.91726197285,0.255390195251,3.67613549474,0.359817321471,0.86592132818,0.974633859093,1.63939414574,910,1152.45697025,4.86733476973
gbtree,0.1,6,0.632753240514,0.0875533332202,1.56259334028,0.31362889939,0.732072922041,0.720927495121,4.79227220433,325,1156.7631835,6.27401237053
gbtree,0.1,20,1.63126858345,1.19892043625,4.39926341702,0.346709047843,0.649354122605,0.508820599452,4.43560062154,108,1165.19274925,7.15235431707
gbtree,0.1,6,2.60803415608,1.11713755403,4.73983999882,0.803493618825,0.996591790984,0.637231693492,0.2573927345,757,1148.29895025,4.48175075582
gbtree,0.1,12,4.38741088729,1.92093519118,3.72240991805,0.836027057279,0.616596314471,0.379607994787,4.64155833819,2475,1143.42147825,6.1104413843
gbtree,0.1,5,0.425323578943,0.84573440875,1.93810580534,0.607245474859,0.37411398058,0.974502599781,2.16285223292,664,1151.149811,6.30735322233
gbtree,0.1,16,4.81453342882,1.51468192989,0.998370194808,0.376815835289,0.312155044271,0.341576365143,4.83635779965,2334,1151.8488465,5.72177706548
gbtree,0.1,20,0.404076911972,0.529818272139,0.167800240258,0.422624774407,0.559085690063,0.792827195691,2.65444354566,560,1176.73440575,8.90190768063
gbtree,0.1,9,3.20496113937,0.630896708169,2.51365877421,0.656051458339,0.654882281915,0.694894006208,4.8019147928,773,1145.02636725,5.63927352059
gbtree,0.1,11,4.89699775744,0.795789112344,2.22979571336,0.438917525692,0.583531012765,0.67815118375,4.57163422705,1449,1149.9617615,4.84307146228
gbtree,0.1,9,2.82424350153,1.44931872062,4.63821215962,0.997657908625,0.360719256272,0.46367925529,3.10673208854,1298,1143.210968,6.37585783142
gbtree,0.1,5,1.94395007466,1.62074920318,3.10773473212,0.706224222876,0.389773815718,0.974215983974,3.82815097475,1222,1148.151184,4.89876059167
gbtree,0.1,10,4.04001274581,0.197470102436,2.78076311955,0.521571775005,0.560572051188,0.835571498551,1.28441849268,757,1148.401489,5.73558878361
gbtree,0.1,3,4.36152707676,1.95493139172,1.08477288922,0.304565716174,0.483359513949,0.77787169514,4.05291665247,2666,1165.2460935,6.57351357754
gbtree,0.1,17,1.45918883717,1.2189251768,0.264316940704,0.618102166591,0.498780295627,0.981348235305,4.22804724339,422,1156.5181885,5.49058545965
gbtree,0.1,12,1.42997994579,1.16055731243,1.94704222635,0.42524888444,0.567228485459,0.953832190682,1.07839132085,120,1163.18362425,5.4761451519
gbtree,0.1,16,2.41661955348,0.0658596739902,1.81022763965,0.309531614362,0.332441388686,0.821421068466,2.70362786665,195,1159.24694825,6.1339711789
gbtree,0.1,17,1.35663511269,1.8916070949,4.60590774396,0.353817935028,0.852742702488,0.866107544596,3.8563928563,100,1168.59741225,5.3723600074
gbtree,0.1,17,4.03537424627,1.24926417518,2.65128434242,0.79646760221,0.973941068433,0.854458362828,3.46237041349,833,1145.79568475,6.25962618276
gbtree,0.1,13,1.24694913541,1.79220038185,3.43606244077,0.56344817006,0.516680143008,0.719692582771,0.17206498093,123,1165.6157225,7.43073884603
gbtree,0.1,7,3.81535090333,0.511411253313,2.44763882747,0.712202168009,0.901895097707,0.715061562498,1.53972935569,1006,1146.9085085,4.87364899659
gbtree,0.1,15,0.464417436553,0.466764377238,2.64667159021,0.594009483433,0.487993695464,0.326275458168,2.49545741104,105,1168.10568225,7.37262368869
gbtree,0.1,11,0.835934540753,1.88795013506,4.35685650643,0.556965763971,0.784610303243,0.813478362835,4.84376548248,119,1157.66168225,7.61725957342
gbtree,0.1,3,4.11654744322,0.31455884186,4.04707660273,0.774558657661,0.855357505916,0.826776690286,2.59972027009,4400,1157.408203,5.44845322783
gbtree,0.1,15,3.20719633323,0.00246559466012,4.5322121502,0.342630908037,0.310613782195,0.408578002757,2.12853827616,545,1154.19528225,4.84660658714
gbtree,0.1,10,2.89995505893,1.03507430838,1.84631913261,0.989412302457,0.305169996086,0.969223656208,3.95933450744,1381,1142.4609985,5.9999231983
gbtree,0.1,14,1.13085736016,0.00630399989963,0.602253038686,0.406128230807,0.458023928832,0.928607614023,3.26614262123,224,1166.4121705,7.87709096755
gbtree,0.1,4,4.20528231043,0.678107512812,2.76232257783,0.77307515876,0.661069536345,0.975782927445,3.89793578976,4369,1151.310669,5.06068953777
gbtree,0.1,18,3.07024965414,0.922173198481,3.76199625707,0.817093523355,0.745621717851,0.459706446262,1.32596229386,549,1147.769043,4.87171960828
gbtree,0.1,20,3.18139102898,1.00759933833,4.03014566925,0.734087022539,0.637591991028,0.535756621475,0.331553181528,334,1149.76858525,6.5433263677
gbtree,0.1,20,3.76631390713,1.34726283467,3.8064133712,0.669625199852,0.840682272323,0.385331585873,2.1005485462,755,1148.039032,5.39081745072
gbtree,0.1,17,1.96386852771,1.09504740222,4.920173153,0.497877577493,0.487966278119,0.977237773723,4.60643917145,164,1153.949585,6.41601224971
gbtree,0.1,16,3.72534380876,1.53424190413,2.795953805,0.419523749764,0.488335345434,0.376703811359,1.16115932798,555,1153.59829725,6.88233678914
gbtree,0.1,15,3.80281868658,1.45216235046,0.959720901173,0.402131690213,0.638415629023,0.492243487852,0.895471813823,465,1153.45590175,6.41926390845
gbtree,0.1,14,2.16818712973,1.50621656675,0.139368847079,0.578851289645,0.948207029125,0.57022179838,0.318922970949,877,1151.8342285,7.58125332915
gbtree,0.1,3,3.65481794274,1.34005695696,1.09247231378,0.796583229532,0.380786840838,0.959749709962,3.08069364358,6491,1156.1904905,6.07971052792
gbtree,0.1,11,0.331864695808,0.288954502608,4.68479711116,0.414179085911,0.351420933605,0.44212813033,0.59321390321,106,1168.34991475,6.99559232845
gbtree,0.1,4,2.58738379719,1.77603900449,0.593342864164,0.486408039708,0.380617957612,0.782257880618,1.16036683971,1742,1153.2643125,5.26306592894
gbtree,0.1,13,0.151161093856,0.0598874958121,2.68517975613,0.432795103023,0.703018021121,0.676409008954,3.52694169066,104,1173.5928955,7.49799998572
gbtree,0.1,6,4.54720880751,0.973641402213,4.85790853242,0.893159735028,0.752147370876,0.315873883797,1.92626465832,1855,1151.06695575,4.94872629076
gbtree,0.1,4,1.46950398618,0.21284250567,4.63527911952,0.396616255711,0.487144745638,0.421423436338,0.442151203639,1297,1157.28164675,5.69705272079
gbtree,0.1,9,3.87385458863,0.194411344078,4.81184466021,0.473327546336,0.423284066066,0.990075396948,0.906219752134,785,1151.0173645,6.39914329494
gbtree,0.1,13,2.50924827389,1.65879090471,3.95394933378,0.318801906805,0.604137211722,0.708796371458,0.345372429932,162,1162.948761,5.21206924992
gbtree,0.1,5,0.441470474368,0.706531024615,4.25151421193,0.439785337718,0.611724914084,0.512643002544,0.529739264417,515,1156.24371325,5.79441462795
gbtree,0.1,10,0.51987406571,0.46678174094,2.07319834534,0.923914741753,0.368511477783,0.440272377218,2.79626244003,237,1150.4740295,6.24531394462
gbtree,0.1,6,3.8368356749,0.178119212113,0.0599070578598,0.711096859129,0.90280779758,0.737698045748,3.45881539878,6285,1149.4360045,6.27159542453
gbtree,0.1,9,0.215068363382,0.159523432894,4.94733789653,0.946678993245,0.645166518984,0.368583653898,0.592563476404,185,1151.8783875,6.31301619664
gbtree,0.1,8,3.77581708156,0.975442624368,3.91165269075,0.989320796394,0.868655793198,0.995981809894,2.3907595633,1857,1145.54013025,5.82514946435
gbtree,0.1,5,2.00292525197,1.60009119327,3.33602157671,0.364183988052,0.512575636423,0.387545078271,0.825185715839,723,1156.40335075,6.44243372992
gbtree,0.1,19,4.8443727126,1.29672254169,1.83161928917,0.459399760968,0.517485127343,0.688952084301,3.20130406598,1108,1149.70343025,6.63569900532
gbtree,0.1,11,4.76547330847,0.53298460248,4.61673006486,0.485317154943,0.648350805362,0.804492915397,2.31649279619,1003,1149.22875975,5.70966779594
gbtree,0.1,9,0.338602192664,1.58619133379,3.21816886163,0.798668647588,0.616360521264,0.793783277608,2.34795411775,173,1151.832794,7.07294894472
gbtree,0.1,3,4.17088192333,0.747144377861,4.87192418452,0.781817710144,0.997557882488,0.476718205635,2.16695449952,5539,1157.88598625,5.49766921817
gbtree,0.1,12,2.94438841953,0.561131736819,2.4012055253,0.832672544169,0.372769155662,0.83475762281,0.534105723097,573,1147.69015475,5.87697097278
gbtree,0.1,11,0.802522769375,0.0382604487775,1.7840836508,0.308220351,0.678301934913,0.902380276813,2.72278607974,123,1169.38616925,7.42676506687
gbtree,0.1,9,3.37320299502,0.40214625304,2.91787071592,0.825512267509,0.495848693967,0.929572753858,2.59562188421,914,1144.2886655,5.97493343697
gbtree,0.1,20,2.20994168683,1.97494394422,3.40871874522,0.831647986694,0.463067074238,0.593948997851,1.47301437324,259,1150.341522,6.46312937494
gbtree,0.1,7,4.25540204217,0.409861582958,2.98552507722,0.319703958575,0.678748773889,0.869484512808,2.06122563501,1148,1154.34170525,6.1518675899
gbtree,0.1,12,4.67900489257,0.736035992483,3.92163599603,0.530459052322,0.785082950231,0.549468569965,3.29880376032,1180,1148.30310075,6.44164013846
gbtree,0.1,7,4.61471589352,0.273056856005,0.235656706355,0.485728448169,0.57131956756,0.949199602714,4.32713205034,3237,1149.86331175,6.09441775736
gbtree,0.1,11,4.70193852132,1.16593354741,3.71362838881,0.463687888745,0.778958837933,0.342051078692,2.2555788722,1153,1150.190033,6.71604765736
gbtree,0.1,7,2.28001921592,0.840664531664,0.916275719296,0.426890352667,0.323523953906,0.456181892021,3.28780265003,952,1150.310089,6.32313994991
gbtree,0.1,9,4.5089583155,1.13684517772,2.87139380173,0.557072605126,0.752149110603,0.86708727159,3.36605437095,1511,1147.7051085,6.25056637044
gbtree,0.1,11,2.47131818764,1.21930735114,0.397212968133,0.323772236821,0.471812439043,0.861504057698,1.91380944869,489,1155.2083435,5.14711433241
gbtree,0.1,11,1.20623285062,1.30695864504,2.94280294761,0.810587462983,0.34792236056,0.875296449363,1.31640303842,232,1153.12600725,5.86820499548
gbtree,0.1,18,4.04037578258,1.92344193805,4.26739859886,0.490490014931,0.998802444856,0.565963908474,0.708835283494,346,1152.38067625,5.86119862145
gbtree,0.1,17,1.90318028462,1.65280207422,3.08370265709,0.871110029143,0.523352255861,0.900784157503,4.48410120139,263,1149.691223,6.33212927366
gbtree,0.1,20,4.90693141862,1.45695211495,4.24395220614,0.514928681381,0.718790856778,0.60145687659,4.2962794268,1100,1147.03945925,6.59067823202
gbtree,0.1,18,2.61645410627,0.763114163362,3.29640334255,0.827110926416,0.532877539792,0.628656180815,4.08189337483,352,1146.30331425,6.71031386301
gbtree,0.1,5,2.67566761717,1.14511835059,2.20494325015,0.965751331435,0.683745765662,0.517746196791,3.40609268989,1938,1146.24981675,4.9035504833
gbtree,0.1,7,1.16758549556,1.71016344713,1.10572784129,0.931331995003,0.515659432292,0.821087500845,1.61202614132,423,1146.31442275,5.43075436282
gbtree,0.1,19,2.37664661817,0.193516211545,0.203406521428,0.85440260556,0.459212125108,0.73546798705,2.05083915983,844,1145.389618,7.02745636362
gbtree,0.1,6,0.846025207799,1.28812164506,0.352493229466,0.589526837797,0.533834290597,0.422884436271,1.03407645761,694,1150.5395815,5.88770051907
gbtree,0.1,14,2.68287213621,0.513784817103,0.263383273347,0.707559445914,0.538666084592,0.517705770334,0.216343631124,717,1147.66177375,6.59092715088
gbtree,0.1,3,4.49316115173,1.92145796952,0.552425528816,0.655467266625,0.334505834308,0.375640197181,1.25549832774,7073,1161.9263305,6.09000131233
gbtree,0.1,20,2.96343078912,1.40482461774,3.50927884766,0.580014481999,0.946387529552,0.862107643996,4.66943188603,260,1150.3479005,5.59997735739
gbtree,0.1,5,1.21839960988,1.36470113662,1.65926009048,0.695435902009,0.705847475566,0.541549697473,3.40015677271,737,1148.02163675,4.9041013226
gbtree,0.1,6,4.92758582463,1.21638448694,0.0533761719964,0.860966922699,0.495866331334,0.350599241747,0.337873677707,7857,1154.48928825,6.83558479431
gbtree,0.1,14,4.38135135738,0.35652016046,3.2553228038,0.387782902663,0.774662324239,0.486874723548,0.583996344774,657,1155.0917055,6.50688054907
gbtree,0.1,3,1.09302525002,0.681599355359,0.58673084255,0.440067395058,0.815582297643,0.703306800364,1.08013031803,1968,1157.0164185,5.56050027352
gbtree,0.1,8,3.21472068736,1.86264616535,3.38738195754,0.981579603239,0.359044614433,0.878304624523,1.72068607787,1547,1144.6054995,5.79111384038
gbtree,0.1,7,3.97435604098,0.936459402146,1.56229875219,0.66124036182,0.505294781033,0.341882527088,1.48148040996,2706,1147.66088875,5.69344588244
gbtree,0.1,9,4.62526717392,1.61245073762,0.660981384068,0.931138671815,0.493934718417,0.836472348538,1.84726703435,1812,1146.004425,5.59459794421
gbtree,0.1,18,1.35277906352,1.49391325069,2.53919152731,0.827772727995,0.624845539459,0.8010678092,2.31647081991,140,1159.24114975,7.01190082004
gbtree,0.1,9,2.56271099426,0.597672004692,4.4899067852,0.435808366889,0.745339022649,0.82184208904,1.23866896167,365,1152.816803,5.09667642553
gbtree,0.1,3,2.81377676171,1.45508265603,3.96474537038,0.938534504935,0.666425153101,0.433454745966,2.22922424199,6615,1155.087036,5.91437823439
gbtree,0.1,11,3.91249206708,0.138378872906,4.44911705032,0.795618191064,0.995143546592,0.955180536016,0.52781223828,756,1146.34735075,4.79929951318
gbtree,0.1,5,1.89576995322,0.132153107424,3.11616312486,0.612224646405,0.959954963479,0.344290087909,3.7530374172,945,1148.67556775,6.17717663831
gbtree,0.1,18,3.22066932898,0.982996778208,4.96324605434,0.457015175396,0.82955850289,0.922021974446,1.73611018654,271,1153.97509775,7.0245552614
gbtree,0.1,10,1.31229417583,1.65791542368,3.7739881684,0.971071752095,0.765928814521,0.73842106341,2.11076363707,269,1148.5859375,6.13009022193
gbtree,0.1,20,3.39312939426,1.67716876833,0.101858504044,0.933532466173,0.386429092389,0.531511475084,3.71201252724,3108,1142.46087625,6.76046846369
gbtree,0.1,4,0.834802460263,1.36525215792,0.581164093284,0.879645580125,0.606811110615,0.6147447095,3.87308851756,1731,1147.91519175,5.90619853959
gbtree,0.1,13,3.63504395383,1.02791028856,3.52376160295,0.438968325871,0.564501710857,0.38362210525,0.759309740871,407,1151.95806875,7.2010471593
gbtree,0.1,18,3.91036417515,1.6887332364,0.879723115869,0.588511391971,0.587323530679,0.359130571206,1.40898813493,737,1149.76205475,4.77402612534
gbtree,0.1,12,0.667534808807,0.567284817949,2.42648825343,0.910846368936,0.835901876802,0.683840943074,4.19104778547,133,1155.672516,5.95302023649
gbtree,0.1,6,0.207849379876,0.709834042279,4.13992197512,0.74578464637,0.621072136525,0.772845679717,4.13928105972,446,1148.31799325,6.1625505444
gbtree,0.1,19,4.82675648711,1.21472228555,3.93156762064,0.510739288795,0.607620873251,0.511764880188,3.48195440729,956,1148.7673645,6.24695102286
gbtree,0.1,4,1.49967668733,0.545908973604,4.01606077912,0.333067879666,0.790447291342,0.603848701274,2.95345626793,1198,1155.8348085,4.9356835996
gbtree,0.1,11,1.09090332217,0.57907939887,0.356370060169,0.457598609186,0.715683558224,0.633543428282,4.82314853462,355,1156.878845,7.49689504764
gbtree,0.1,15,1.55620026984,1.00506704317,2.92154116488,0.350461640587,0.813448104297,0.498239840718,2.55182838407,113,1166.25354,6.57125216026
gbtree,0.1,7,4.68849810435,0.400920335752,2.4236894024,0.938258615134,0.492298598551,0.520695379376,3.5948587374,1919,1148.34396375,5.85359034814
gbtree,0.1,20,4.24926723181,1.38473051386,1.91859979195,0.434417023552,0.889984253612,0.572870233849,2.76901651696,509,1151.893036,6.34515284525
gbtree,0.1,3,3.08332279096,0.0367918503441,4.83902027715,0.949934596302,0.704170373897,0.934089266295,0.750276662469,2358,1158.41018675,5.60566567774
gbtree,0.1,20,0.174273969336,0.685854660967,3.17500873857,0.888476396932,0.8518674974,0.777358824892,1.32503556728,106,1195.52706925,4.41752680053
gbtree,0.1,20,1.20032287818,1.22429031567,1.70198555766,0.530419085183,0.635508228026,0.35062327465,4.76302006035,136,1162.6564025,5.96530305178
gbtree,0.1,18,0.381841596506,1.80703876899,1.79968833038,0.823376534903,0.607570874809,0.404772011362,4.21936504222,120,1169.5447385,6.65141175718
gbtree,0.1,9,1.42614949081,1.54230979414,2.26795600844,0.337903128161,0.895042112774,0.454416628212,2.20081194094,188,1158.6816405,6.45710404307
gbtree,0.1,20,4.88054695172,0.781814448442,2.06992825084,0.676525992485,0.539903842204,0.850116647491,3.13802917696,1025,1146.56210325,5.96036013665
gbtree,0.1,14,1.14692768102,1.08007065986,1.06846523931,0.448647986038,0.593375796982,0.385037611059,3.31113131794,175,1164.2073975,7.52822599545
gbtree,0.1,3,4.91485197007,0.788897616247,0.039814100852,0.821164029437,0.846655926158,0.462107508729,3.410698535,10697,1169.4620665,6.51411122957
gbtree,0.1,4,4.90467799065,1.58770372472,2.78019239817,0.779867247032,0.959284129396,0.397910863435,2.56892375211,4892,1154.66970825,5.69249473354
gbtree,0.1,6,3.04159442886,1.96719719836,0.638606997273,0.708419211868,0.635979700081,0.434566608965,1.27128891274,1186,1147.234558,6.41547835019
gbtree,0.1,6,1.45786141435,1.45723593143,1.70845966305,0.902551244984,0.502522341673,0.963241741725,0.572526343482,512,1147.115326,4.88686070744
gbtree,0.1,7,1.44652299679,0.535206156354,2.95773291748,0.99975135197,0.442646073253,0.932443353785,0.961968246124,474,1145.6893005,6.10736871963
gbtree,0.1,12,4.54596211454,0.435244606209,1.16572244543,0.427025196431,0.399937972983,0.430147519694,3.46307153819,1513,1150.584656,6.31718096404
gbtree,0.1,10,0.00617254661072,1.1735698888,2.46441564471,0.92642777102,0.508933806469,0.840462803182,3.58748555798,167,1151.1736755,5.86733795621
gbtree,0.1,18,0.32638907153,1.18676950964,1.2074229871,0.319991776938,0.979435744302,0.815225034967,2.93498865286,111,1200.89465325,6.5505108713
gbtree,0.1,8,3.18152714229,0.250279341445,1.79170423512,0.780552539178,0.689371729377,0.343747218052,0.989612646027,947,1146.6900635,5.68048049917
gbtree,0.1,16,1.00017889965,0.956476179752,0.450508001442,0.881847549196,0.840278795592,0.583657220903,1.25134809442,294,1163.6335755,6.41575002008
gbtree,0.1,20,1.10481881201,1.33881787301,4.91639666938,0.566564081889,0.76230040794,0.611533229981,2.60898990435,87,1169.04473875,6.68322879408
gbtree,0.1,7,0.212422479649,0.319028749896,1.03551244876,0.393626053866,0.583574320444,0.80146696154,4.64201373361,304,1154.5959475,6.95278594842
gbtree,0.1,12,2.59301794646,1.46150449868,0.0673862047291,0.621509465491,0.692892445876,0.735513846095,3.1326889833,2442,1145.51156625,6.05340531085
gbtree,0.1,9,3.13002951899,1.29343093979,4.39386842977,0.542294699293,0.314875812169,0.578325780316,3.21819266423,1161,1147.70211775,5.87604254642
gbtree,0.1,15,3.80313236124,1.62758483164,0.0541897887946,0.997311303193,0.848296743228,0.608729765453,0.654437718683,5325,1150.4980775,6.22810589452
gbtree,0.1,4,2.74764410279,1.61733462496,4.09918399702,0.781053372593,0.821795031032,0.581204028636,4.93351387717,2252,1148.72946175,5.42983717779
gbtree,0.1,12,4.89837579117,0.451116167053,4.16614980543,0.744863504162,0.659538867209,0.952173143421,1.19737984716,2221,1146.197876,5.61872192703
gbtree,0.1,6,4.52005324845,0.57862092101,2.59339678598,0.974342594329,0.670131107658,0.371683431424,1.28934468845,4105,1148.1633605,5.27820676884
gbtree,0.1,6,3.96110264533,1.09672175558,0.620495100392,0.821285484156,0.589064719466,0.94490602776,4.06806012576,1572,1147.49020375,4.55293190091
gbtree,0.1,16,4.00801504268,1.94478138102,4.7160223124,0.813469678368,0.905302905342,0.374286135097,3.21500985621,962,1144.6889955,6.74341030472
gbtree,0.1,3,1.15091184361,0.384206289441,3.25664013615,0.828082451754,0.710611348972,0.859819161241,2.17028193563,2297,1151.983368,5.86992489715
gbtree,0.1,13,0.26586409737,1.5905928741,3.66147239044,0.69601577697,0.548947720225,0.964091727579,4.96966956665,108,1162.99328625,6.23831455311
gbtree,0.1,18,2.21962397591,0.688905586466,0.492580819349,0.796269220299,0.366628512495,0.556632119843,4.20719999302,524,1147.451355,6.34222861046
gbtree,0.1,14,3.42448194031,1.7684061843,4.18251057022,0.570406531131,0.493500710481,0.329237525159,0.234057719495,517,1151.22979725,5.87436795258
gbtree,0.1,9,3.89039242662,0.0327908852853,0.209432794425,0.815414114689,0.812081381333,0.325734550598,1.98315710789,2908,1145.78433225,5.6655068237
gbtree,0.1,19,2.68191085917,1.62196161702,4.64034584713,0.951761934726,0.468912520417,0.931532966771,1.95460069297,484,1145.1669005,6.370286158
gbtree,0.1,13,2.79074165311,0.244043389315,2.27218156771,0.914039958898,0.627428416744,0.431893891817,0.541334140481,452,1147.6155395,4.99734904784
gbtree,0.1,9,3.3356636052,0.324739143857,0.397901077777,0.433564473774,0.812553410257,0.888055800284,2.84293178794,704,1149.49774175,5.75549685343
gbtree,0.1,7,4.84490857706,0.236442032331,1.46894469124,0.708885349038,0.340910719389,0.670972666285,2.38391978775,3202,1149.30661,6.12938519516
gbtree,0.1,11,3.0622375778,1.93575818794,2.30741507598,0.810415586608,0.932410712075,0.380422574433,3.58071856754,765,1145.65612825,6.06659867717
gbtree,0.1,12,0.670570217837,1.81475239535,0.675967668572,0.748790360167,0.969697753299,0.824851562492,2.70988260215,207,1162.216522,6.87128552786
gbtree,0.1,20,2.68649506166,0.91371017397,3.25619506842,0.374163881603,0.343956798308,0.539660590491,0.904423019186,193,1160.3520815,7.96158900301
gbtree,0.1,12,0.165233319388,1.21435868544,1.11939526788,0.759653233256,0.349366371621,0.712759595941,2.99207719106,172,1162.657135,7.58690083426
gbtree,0.1,4,4.42039242058,0.178874381777,2.55743900691,0.300919845401,0.941013364435,0.710775466047,4.88250090234,1713,1158.703064,4.89655986051
gbtree,0.1,11,1.05682467493,0.820202175334,1.87772557868,0.741302025279,0.875338451368,0.597196761982,0.200397995409,157,1162.09677125,6.36770472325
gbtree,0.1,17,4.26940400288,1.46960488067,3.81766552988,0.564141347851,0.958390043502,0.873832099056,3.61935974909,749,1146.95687875,5.37458155706
gbtree,0.1,20,2.70494689765,0.738193100591,0.695533744826,0.844863914041,0.69176425095,0.903932021711,2.33253247489,514,1148.52090475,5.01916968381
gbtree,0.1,10,4.17361680347,1.8295853763,0.488588845089,0.42451742699,0.494604406869,0.362470735727,2.35652779794,2066,1150.15069575,5.34627621595
gbtree,0.1,14,4.79394382807,0.686792293634,0.913603390554,0.743699240675,0.314481915238,0.439993325065,3.43298446289,2429,1146.039032,6.69555867021
gbtree,0.1,19,1.04801928413,0.999865967284,4.0374503207,0.305807504268,0.502149183544,0.630121668756,1.2969549579,77,1183.98745725,6.8346640921
gbtree,0.1,5,1.47151206646,0.959363798577,4.78732180566,0.834213192644,0.400299108326,0.362263246489,1.93217314666,1747,1148.1507875,5.99141289239
gbtree,0.1,7,3.61757586171,0.983268661697,4.58060271864,0.783009419016,0.815483888796,0.392433295434,2.17838285703,1237,1146.736908,5.27545612161
gbtree,0.1,20,1.63111193383,1.54310367755,0.675369045891,0.704933987816,0.326476882734,0.413339746721,0.994995643118,292,1160.306366,6.71792272103
